Type	Number	Sequence	Adapter
IonXpress	1	CTAAGGTAAC	GAT
IonXpress	2	TAAGGAGAAC	GAT
IonXpress	3	AAGAGGATTC	GAT
IonXpress	4	TACCAAGATC	GAT
IonXpress	5	CAGAAGGAAC	GAT
IonXpress	6	CTGCAAGTTC	GAT
IonXpress	7	TTCGTGATTC	GAT
IonXpress	8	TTCCGATAAC	GAT
IonXpress	9	TGAGCGGAAC	GAT
IonXpress	10	CTGACCGAAC	GAT
IonXpress	11	TCCTCGAATC	GAT
IonXpress	12	TAGGTGGTTC	GAT
IonXpress	13	TCTAACGGAC	GAT
IonXpress	14	TTGGAGTGTC	GAT
IonXpress	15	TCTAGAGGTC	GAT
IonXpress	16	TCTGGATGAC	GAT
IonXpress	17	TCTATTCGTC	GAT
IonXpress	18	AGGCAATTGC	GAT
IonXpress	19	TTAGTCGGAC	GAT
IonXpress	20	CAGATCCATC	GAT
IonXpress	21	TCGCAATTAC	GAT
IonXpress	22	TTCGAGACGC	GAT
IonXpress	23	TGCCACGAAC	GAT
IonXpress	24	AACCTCATTC	GAT
IonXpress	25	CCTGAGATAC	GAT
IonXpress	26	TTACAACCTC	GAT
IonXpress	27	AACCATCCGC	GAT
IonXpress	28	ATCCGGAATC	GAT
IonXpress	29	TCGACCACTC	GAT
IonXpress	30	CGAGGTTATC	GAT
IonXpress	31	TCCAAGCTGC	GAT
IonXpress	32	TCTTACACAC	GAT
IonXpress	33	TTCTCATTGAAC	GAT
IonXpress	34	TCGCATCGTTC	GAT
IonXpress	35	TAAGCCATTGTC	GAT
IonXpress	36	AAGGAATCGTC	GAT
IonXpress	37	CTTGAGAATGTC	GAT
IonXpress	38	TGGAGGACGGAC	GAT
IonXpress	39	TAACAATCGGC	GAT
IonXpress	40	CTGACATAATC	GAT
IonXpress	41	TTCCACTTCGC	GAT
IonXpress	42	AGCACGAATC	GAT
IonXpress	43	CTTGACACCGC	GAT
IonXpress	44	TTGGAGGCCAGC	GAT
IonXpress	45	TGGAGCTTCCTC	GAT
IonXpress	46	TCAGTCCGAAC	GAT
IonXpress	47	TAAGGCAACCAC	GAT
IonXpress	48	TTCTAAGAGAC	GAT
IonXpress	49	TCCTAACATAAC	GAT
IonXpress	50	CGGACAATGGC	GAT
IonXpress	51	TTGAGCCTATTC	GAT
IonXpress	52	CCGCATGGAAC	GAT
IonXpress	53	CTGGCAATCCTC	GAT
IonXpress	54	CCGGAGAATCGC	GAT
IonXpress	55	TCCACCTCCTC	GAT
IonXpress	56	CAGCATTAATTC	GAT
IonXpress	57	TCTGGCAACGGC	GAT
IonXpress	58	TCCTAGAACAC	GAT
IonXpress	59	TCCTTGATGTTC	GAT
IonXpress	60	TCTAGCTCTTC	GAT
IonXpress	61	TCACTCGGATC	GAT
IonXpress	62	TTCCTGCTTCAC	GAT
IonXpress	63	CCTTAGAGTTC	GAT
IonXpress	64	CTGAGTTCCGAC	GAT
IonXpress	65	TCCTGGCACATC	GAT
IonXpress	66	CCGCAATCATC	GAT
IonXpress	67	TTCCTACCAGTC	GAT
IonXpress	68	TCAAGAAGTTC	GAT
IonXpress	69	TTCAATTGGC	GAT
IonXpress	70	CCTACTGGTC	GAT
IonXpress	71	TGAGGCTCCGAC	GAT
IonXpress	72	CGAAGGCCACAC	GAT
IonXpress	73	TCTGCCTGTC	GAT
IonXpress	74	CGATCGGTTC	GAT
IonXpress	75	TCAGGAATAC	GAT
IonXpress	76	CGGAAGAACCTC	GAT
IonXpress	77	CGAAGCGATTC	GAT
IonXpress	78	CAGCCAATTCTC	GAT
IonXpress	79	CCTGGTTGTC	GAT
IonXpress	80	TCGAAGGCAGGC	GAT
IonXpress	81	CCTGCCATTCGC	GAT
IonXpress	82	TTGGCATCTC	GAT
IonXpress	83	CTAGGACATTC	GAT
IonXpress	84	CTTCCATAAC	GAT
IonXpress	85	CCAGCCTCAAC	GAT
IonXpress	86	CTTGGTTATTC	GAT
IonXpress	87	TTGGCTGGAC	GAT
IonXpress	88	CCGAACACTTC	GAT
IonXpress	89	TCCTGAATCTC	GAT
IonXpress	90	CTAACCACGGC	GAT
IonXpress	91	CGGAAGGATGC	GAT
IonXpress	92	CTAGGAACCGC	GAT
IonXpress	93	CTTGTCCAATC	GAT
IonXpress	94	TCCGACAAGC	GAT
IonXpress	95	CGGACAGATC	GAT
IonXpress	96	TTAAGCGGTC	GAT
FLT3	1	CTAAGGTAAC	TGCA
FLT3	2	TAAGGAGAAC	TGCA
FLT3	3	AAGAGGATTC	TGCA
FLT3	4	TACCAAGATC	TGCA
FLT3	5	CAGAAGGAAC	TGCA
FLT3	6	CTGCAAGTTC	TGCA
FLT3	7	TTCGTGATTC	TGCA
FLT3	8	TTCCGATAAC	TGCA
BRAF	300	TTCTCCATTATC	CCA
BRAF	301	AACTTCCGGATC	CCA
BRAF	302	TCCACAATTAAC	CCA
BRAF	303	AAGGCTCGGTTC	CCA
BRAF	304	CCGAGTCGATTC	CCA
BRAF	305	TTCTTCACCAAC	CCA
BRAF	306	CTAGGCCAGGAC	CCA
BRAF	307	CCTGAAGGCTGC	CCA
NPM1	13	TCTAACGGAC	GTCT
NPM1	14	TTGGAGTGTC	GTCT
NPM1	15	TCTAGAGGTC	GTCT
NPM1	16	TCTGGATGAC	GTCT
NPM1	17	TCTATTCGTC	GTCT
NPM1	18	AGGCAATTGC	GTCT
NPM1	19	TTAGTCGGAC	GTCT
NPM1	20	CAGATCCATC	GTCT
MGMT	317	TCTATTCGTC	ACTG
MGMT	318	AGGCAATTGC	ACTG
MGMT	319	TTAGTCGGAC	ACTG
MGMT	320	CAGATCCATC	ACTG
MLH1	380	CCGACCGGATTC	ATCT
MLH1	381	TTCATTCCGTTC	ATCT
MLH1	382	CTGGCATCGGAC	ATCT
MLH1	383	CTTGACCTGGTC	ATCT
MLH1	384	TTCTACCTCAAC	ATCT
HCV	1	CTAAGGTAAC	GGTGAT
HCV	2	TAAGGAGAAC	GGTGAT
HCV	3	AAGAGGATTC	GGTGAT
HCV	4	TACCAAGATC	GGTGAT
HCV	5	CAGAAGGAAC	GGTGAT
HCV	6	CTGCAAGTTC	GGTGAT
HCV	7	TTCGTGATTC	GGTGAT
HCV	8	TTCCGATAAC	GGTGAT
HCV	9	TGAGCGGAAC	GGTGAT
HCV	10	CTGACCGAAC	GGTGAT
HCV	11	TCCTCGAATC	GGTGAT
HCV	12	TAGGTGGTTC	GGTGAT
HCV	13	TCTAACGGAC	GGTGAT
HCV	14	TTGGAGTGTC	GGTGAT
HCV	15	TCTAGAGGTC	GGTGAT
HCV	16	TCTGGATGAC	GGTGAT
Micro	98	CTAAGGTAAC	TATGC
Micro	99	TAAGGAGAAC	TATGC
Micro	100	AAGAGGATTC	TATGC
Micro	101	TACCAAGATC	TATGC
Micro	102	CAGAAGGAAC	TATGC
Micro	103	CTGCAAGTTC	TATGC
Micro	104	TTCGTGATTC	TATGC
Micro	105	TTCCGATAAC	TATGC
TERT	250	CCGGCTTGAAC	GAT
TERT	251	TCAGGCAGATTC	GAT
TERT	252	TTCTGCACGATC	GAT
TERT	253	TCCGAAGATAAC	GAT
TERT	254	CCTCATCGTTC	GAT
PRN	480	TCCGTTCGGTC	AGAT
PRN	481	CCTTAGGATGGC	AGAT
PRN	482	CACCACCAATTC	AGAT
PRN	483	TTGAAGCCAGGC	AGAT
TRG	1	CTAAGGTAAC	
TRG	2	TAAGGAGAAC	
TRG	3	AAGAGGATTC	
TRG	4	TACCAAGATC	
TRG	7	TTCGTGATTC	
TRG	8	TTCCGATAAC	
TRG	9	TGAGCGGAAC	
TRG	10	CTGACCGAAC	
TRG	11	TCCTCGAATC	
TRG	12	TAGGTGGTTC	
TRG	13	TCTAACGGAC	
TRG	14	TTGGAGTGTC	
